City_ID,City,Country,Date,Lat,Lng,Max Temp,Humidity,Cloudiness,Wind Speed
0,Tripoli,LY,2022-07-17 19:46:08,32.8752,13.1875,79.41,71,0,13.87
1,Kanadukathan,IN,2022-07-17 19:48:05,10.1754,78.7785,81.48,73,100,4.41
2,Hilo,US,2022-07-17 19:45:33,19.7297,-155.09,90.28,78,75,4.61
3,Norden,DE,2022-07-17 19:43:57,53.6,7.2,66.96,70,86,3.29
4,Avarua,CK,2022-07-17 19:44:36,-21.2078,-159.775,73.45,73,20,3.44
5,Oranjemund,NA,2022-07-17 19:48:07,-28.55,16.4333,59.79,70,1,6.4
6,Victoria,HK,2022-07-17 19:43:54,22.2855,114.1577,86.38,82,100,13.0
7,Hualmay,PE,2022-07-17 19:46:01,-11.0964,-77.6139,65.82,72,14,11.61
8,Norman Wells,CA,2022-07-17 19:47:08,65.282,-126.8329,69.84,60,75,5.75
9,Airai,TL,2022-07-17 19:47:13,-8.9266,125.4092,52.75,85,44,3.33
10,Kiama,AU,2022-07-17 19:46:41,-34.6833,150.8667,54.0,75,5,1.99
11,Cherskiy,RU,2022-07-17 19:48:08,68.75,161.3,37.98,57,97,14.9
12,Rikitea,PF,2022-07-17 19:48:09,-23.1203,-134.9692,73.47,82,79,15.7
13,Punta Arenas,CL,2022-07-17 19:48:09,-53.15,-70.9167,37.51,81,0,26.46
14,Cape Town,ZA,2022-07-17 19:48:09,-33.9258,18.4232,59.41,88,40,11.5
15,Soyo,AO,2022-07-17 19:48:10,-6.1349,12.3689,70.99,87,34,7.7
16,Tuktoyaktuk,CA,2022-07-17 19:48:10,69.4541,-133.0374,59.0,88,75,8.05
17,Ardakan,IR,2022-07-17 19:48:11,32.31,54.0175,86.83,9,0,4.85
18,Ayorou,NE,2022-07-17 19:48:11,14.7308,0.9174,90.1,45,99,9.89
19,Biak,ID,2022-07-17 19:44:08,-0.9131,122.8766,72.97,93,100,8.37
20,Mataura,NZ,2022-07-17 19:48:12,-46.1927,168.8643,51.48,75,97,8.41
21,Kodiak,US,2022-07-17 19:43:30,57.79,-152.4072,63.91,52,40,8.05
22,Albany,US,2022-07-17 19:48:13,42.6001,-73.9662,92.03,42,98,5.64
23,Geraldton,AU,2022-07-17 19:43:34,-28.7667,114.6,54.01,94,40,8.05
24,Santa Ines,BR,2022-07-17 19:48:13,-3.6667,-45.38,85.41,62,26,3.74
25,Ushuaia,AR,2022-07-17 19:48:14,-54.8,-68.3,38.86,56,40,4.61
26,Upernavik,GL,2022-07-17 19:48:14,72.7868,-56.1549,41.27,85,39,15.17
27,Kaeo,NZ,2022-07-17 19:48:08,-35.1,173.7833,49.32,95,100,6.15
28,Mar Del Plata,AR,2022-07-17 19:47:49,-38.0023,-57.5575,59.02,41,0,21.85
29,Thompson,CA,2022-07-17 19:47:49,55.7435,-97.8558,80.76,47,40,9.22
30,Bethel,US,2022-07-17 19:48:15,41.3712,-73.414,84.78,61,0,6.91
31,Carnarvon,AU,2022-07-17 19:45:56,-24.8667,113.6333,59.07,94,41,4.61
32,Athabasca,CA,2022-07-17 19:45:25,54.7169,-113.2854,73.81,48,70,5.44
33,Tornio,FI,2022-07-17 19:48:16,65.8481,24.1466,59.02,85,45,8.37
34,Aswan,EG,2022-07-17 19:48:16,24.0934,32.907,94.3,12,0,8.05
35,Saint Anthony,US,2022-07-17 19:48:17,45.0205,-93.218,92.1,49,40,5.75
36,Luderitz,NA,2022-07-17 19:48:17,-26.6481,15.1594,64.22,52,1,5.7
37,Atambua,ID,2022-07-17 19:45:29,-9.1061,124.8925,66.22,82,45,5.55
38,Iskele,TR,2022-07-17 19:48:18,39.484,26.9278,78.89,47,0,11.5
39,Narsaq,GL,2022-07-17 19:44:46,60.9167,-46.05,61.02,70,98,8.48
40,Pevek,RU,2022-07-17 19:47:04,69.7008,170.3133,31.23,94,100,30.98
41,Ostrovnoy,RU,2022-07-17 19:48:19,68.0531,39.5131,57.04,76,48,9.8
42,Yellowknife,CA,2022-07-17 19:43:50,62.456,-114.3525,64.92,77,100,21.85
43,Ribeira Grande,PT,2022-07-17 19:48:19,38.5167,-28.7,75.6,78,20,18.41
44,Port Elizabeth,ZA,2022-07-17 19:46:00,-33.918,25.5701,70.11,63,0,3.44
45,Southbridge,US,2022-07-17 19:48:20,42.0751,-72.0334,87.46,63,99,4.0
46,Constitucion,CL,2022-07-17 19:48:21,-35.3333,-72.4167,50.41,94,100,9.6
47,Poddorye,RU,2022-07-17 19:49:21,57.4695,31.1156,53.73,95,99,4.54
48,La Rioja,ES,2022-07-17 19:49:22,42.25,-2.5,82.18,29,10,3.83
49,Komsomolskiy,UZ,2022-07-17 19:49:22,40.4272,71.7189,81.32,36,0,6.91
50,Cefalu,IT,2022-07-17 19:49:22,38.0386,14.0229,82.54,80,0,1.99
51,Hermanus,ZA,2022-07-17 19:49:23,-34.4187,19.2345,54.81,83,0,9.1
52,New Norfolk,AU,2022-07-17 19:49:23,-42.7826,147.0587,38.7,81,89,1.01
53,Torbay,CA,2022-07-17 19:47:27,47.6666,-52.7314,78.89,71,100,13.8
54,Cabo San Lucas,MX,2022-07-17 19:47:29,22.8909,-109.9124,94.6,57,10,6.4
55,Laguna,US,2022-07-17 19:49:24,38.421,-121.4238,104.31,32,0,8.05
56,Ariquemes,BR,2022-07-17 19:49:24,-9.9133,-63.0408,97.68,26,41,4.85
57,Asfi,MA,2022-07-17 19:49:24,32.2994,-9.2372,70.56,87,1,15.64
58,Tarandacuao,MX,2022-07-17 19:49:25,20.0,-100.5333,79.93,39,100,3.44
59,Bredasdorp,ZA,2022-07-17 19:49:25,-34.5322,20.0403,54.3,87,0,4.76
60,Kavieng,PG,2022-07-17 19:49:25,-2.5744,150.7967,81.91,80,45,13.11
61,Arraial Do Cabo,BR,2022-07-17 19:45:58,-22.9661,-42.0278,82.36,69,0,10.36
62,Khatanga,RU,2022-07-17 19:49:26,71.9667,102.5,57.78,60,100,4.5
63,Merauke,ID,2022-07-17 19:49:26,-8.4667,140.3333,75.09,90,100,9.44
64,Aykhal,RU,2022-07-17 19:49:27,66.0,111.5,48.72,97,100,4.23
65,Sorland,NO,2022-07-17 19:48:08,67.667,12.6934,51.66,86,95,15.64
66,Qaanaaq,GL,2022-07-17 19:49:27,77.484,-69.3632,47.08,58,100,3.96
67,Iquique,CL,2022-07-17 19:49:28,-20.2208,-70.1431,60.84,70,89,10.04
68,Bambous Virieux,MU,2022-07-17 19:49:28,-20.3428,57.7575,70.21,56,20,19.57
69,Saint-Philippe,RE,2022-07-17 19:49:29,-21.3585,55.7679,69.39,74,83,15.68
70,Quatre Cocos,MU,2022-07-17 19:49:29,-20.2078,57.7625,70.09,67,70,21.21
71,Carauari,BR,2022-07-17 19:46:30,-4.8828,-66.8958,87.24,59,81,2.75
72,Kapaa,US,2022-07-17 19:49:30,22.0752,-159.319,82.38,78,100,13.8
73,Saint-Pierre,RE,2022-07-17 19:49:30,-21.3393,55.4781,69.91,70,0,24.16
74,Port Alfred,ZA,2022-07-17 19:44:44,-33.5906,26.891,70.52,35,0,12.24
75,Port Blair,IN,2022-07-17 19:49:30,11.6667,92.75,78.84,89,75,2.3
76,Byron Bay,AU,2022-07-17 19:49:31,-28.65,153.6167,58.03,75,15,9.84
77,Waipawa,NZ,2022-07-17 19:49:31,-41.4122,175.5153,51.3,73,100,20.36
78,Bengkulu,ID,2022-07-17 19:49:32,-3.8004,102.2655,75.38,88,47,4.34
79,Zarate,AR,2022-07-17 19:49:32,-34.0981,-59.0286,57.04,44,3,8.01
80,Chokurdakh,RU,2022-07-17 19:49:32,70.6333,147.9167,42.67,65,10,11.9
81,Macau,MO,2022-07-17 19:49:33,22.2006,113.5461,86.86,89,40,11.5
82,Pangnirtung,CA,2022-07-17 19:49:33,66.1451,-65.7125,46.4,76,40,13.8
83,Atuona,PF,2022-07-17 19:49:34,-9.8,-139.0333,77.99,77,13,22.01
84,Yarada,IN,2022-07-17 19:49:34,17.65,83.2667,80.92,94,75,9.22
85,Makakilo City,US,2022-07-17 19:49:34,21.3469,-158.0858,82.72,62,0,14.97
86,Busselton,AU,2022-07-17 19:49:35,-33.65,115.3333,53.71,92,100,14.7
87,Gejiu,CN,2022-07-17 19:49:35,23.306,103.1635,60.8,91,100,1.68
88,Jamestown,US,2022-07-17 19:45:56,42.097,-79.2353,76.59,79,100,15.99
89,Dikson,RU,2022-07-17 19:49:36,73.5069,80.5464,44.13,79,7,8.9
90,Itoman,JP,2022-07-17 19:49:36,26.1247,127.6694,84.22,91,20,13.8
91,Lagoa,PT,2022-07-17 19:49:36,39.05,-27.9833,70.95,90,0,9.95
92,Alofi,NU,2022-07-17 19:49:37,-19.0595,-169.9187,73.29,94,1,8.05
93,Hobart,AU,2022-07-17 19:50:37,-42.8794,147.3294,39.06,84,40,18.41
94,Zyryanka,RU,2022-07-17 19:50:38,65.75,150.85,54.28,54,69,3.36
95,Greenwood,US,2022-07-17 19:50:38,34.1668,-82.1165,90.28,51,20,6.91
96,Georgetown,MY,2022-07-17 19:46:00,5.4112,100.3354,83.95,92,20,2.3
97,Elizabeth City,US,2022-07-17 19:50:38,36.2946,-76.2511,93.06,66,0,10.36
98,Comodoro Rivadavia,AR,2022-07-17 19:50:39,-45.8667,-67.5,48.06,49,0,24.16
99,Puerto Ayora,EC,2022-07-17 19:50:39,-0.7393,-90.3518,76.96,86,72,7.0
100,Bocaiuva,BR,2022-07-17 19:50:40,-17.1078,-43.815,83.91,27,15,7.45
101,Asau,RO,2022-07-17 19:50:40,46.4333,26.4,65.32,63,10,4.16
102,Gotsu,JP,2022-07-17 19:50:40,35.0,132.2167,76.24,75,100,7.11
103,Tefe,BR,2022-07-17 19:50:41,-3.3542,-64.7114,93.31,55,20,10.36
104,Impfondo,CG,2022-07-17 19:50:41,1.6381,18.0667,72.54,95,100,2.66
105,Saskylakh,RU,2022-07-17 19:50:42,71.9167,114.0833,47.39,55,96,7.16
106,Puerto Baquerizo Moreno,EC,2022-07-17 19:50:42,-0.9,-89.6,69.28,78,28,14.09
107,Ganzhou,CN,2022-07-17 19:50:42,28.8184,115.4327,78.73,88,100,3.24
108,Sawtell,AU,2022-07-17 19:50:43,-30.3833,153.1,53.62,76,75,5.75
109,East London,ZA,2022-07-17 19:50:43,-33.0153,27.9116,69.49,32,0,8.37
110,Mubi,NG,2022-07-17 19:50:43,10.2676,13.2644,68.68,97,97,1.9
111,Faanui,PF,2022-07-17 19:50:44,-16.4833,-151.75,77.11,70,77,18.1
112,Esperance,AU,2022-07-17 19:50:44,-33.8667,121.9,53.08,92,100,9.28
113,Pades,RO,2022-07-17 19:50:44,45.0167,22.85,58.77,45,1,6.96
114,Coquimbo,CL,2022-07-17 19:50:45,-29.9533,-71.3436,58.73,51,0,12.66
115,San Patricio,US,2022-07-17 19:50:45,28.017,-97.5169,98.19,36,53,16.55
116,Sangar,RU,2022-07-17 19:50:46,63.9242,127.4739,66.27,96,100,6.38
117,College,US,2022-07-17 19:50:46,64.8569,-147.8028,64.08,65,100,0.0
118,Port Hedland,AU,2022-07-17 19:50:47,-20.3167,118.5667,53.65,66,4,3.44
119,Vaini,TO,2022-07-17 19:50:47,-21.2,-175.2,73.56,94,40,8.05
120,Jinka,ET,2022-07-17 19:50:47,5.65,36.65,66.15,64,72,4.18
121,Bluff,NZ,2022-07-17 19:50:48,-46.6,168.3333,51.8,61,100,22.88
122,Sao Joao Da Barra,BR,2022-07-17 19:47:41,-21.6403,-41.0511,80.69,84,100,18.97
123,Nyurba,RU,2022-07-17 19:50:48,63.2842,118.3319,54.64,98,94,4.81
124,Palivere,EE,2022-07-17 19:50:49,58.9664,23.8911,58.73,72,49,7.14
125,Buraydah,SA,2022-07-17 19:50:49,26.326,43.975,91.85,11,18,8.66
126,Longyearbyen,SJ,2022-07-17 19:50:50,78.2186,15.6401,55.24,82,75,3.44
127,Ahipara,NZ,2022-07-17 19:50:50,-35.1667,173.1667,50.2,80,95,5.41
128,Limbang,MY,2022-07-17 19:50:50,4.75,115.0,77.11,86,100,1.01
129,Faya,SA,2022-07-17 19:50:51,18.3851,42.4509,69.91,41,28,4.72
130,Coahuayana,MX,2022-07-17 19:47:06,18.7333,-103.6833,90.09,59,70,7.85
131,Xining,CN,2022-07-17 19:50:51,36.6167,101.7667,54.27,88,100,0.69
132,Roald,NO,2022-07-17 19:50:52,62.5833,6.1333,59.92,88,75,14.97
133,Saquarema,BR,2022-07-17 19:50:52,-22.92,-42.5103,82.54,62,9,10.09
134,Saint-Augustin,CA,2022-07-17 19:50:52,51.226,-58.6502,64.71,75,100,17.87
135,Batemans Bay,AU,2022-07-17 19:47:45,-35.7167,150.1833,51.1,51,0,11.72
136,Avera,US,2022-07-17 19:50:53,33.194,-82.5271,92.55,39,29,8.03
137,Touros,BR,2022-07-17 19:50:53,-5.1989,-35.4608,78.31,78,76,17.22
138,Ruston,US,2022-07-17 19:50:54,32.5232,-92.6379,98.58,38,75,4.61
139,Castro,BR,2022-07-17 19:51:54,-24.7911,-50.0119,66.83,76,100,1.86
140,Canar,EC,2022-07-17 19:51:54,-2.55,-78.9333,59.04,77,58,4.59
141,Barrow,US,2022-07-17 19:51:55,71.2906,-156.7887,37.42,87,100,17.27
142,Puerto Escondido,MX,2022-07-17 19:51:55,15.85,-97.0667,86.0,63,100,6.91
143,Mayo,US,2022-07-17 19:47:44,38.8876,-76.5119,87.13,79,0,8.05
144,Thinadhoo,MV,2022-07-17 19:51:55,0.5333,72.9333,79.16,80,100,20.74
145,Tiksi,RU,2022-07-17 19:51:56,71.6872,128.8694,38.07,75,100,5.93
146,Krasnoselkup,RU,2022-07-17 19:51:56,65.7,82.4667,51.82,82,19,10.33
147,Turukhansk,RU,2022-07-17 19:51:57,65.8167,87.9833,53.76,69,13,11.14
148,Flinders,AU,2022-07-17 19:51:57,-34.5833,150.8552,53.26,74,5,10.0
149,Nalut,LY,2022-07-17 19:51:57,30.3333,10.85,87.91,18,0,11.65
150,Padang,ID,2022-07-17 19:51:58,-0.9492,100.3543,76.6,79,12,4.16
151,Inta,RU,2022-07-17 19:51:58,66.0317,60.1659,60.98,86,0,7.94
152,Oppdal,NO,2022-07-17 19:51:58,62.5943,9.6912,50.18,85,25,2.35
153,Camacupa,AO,2022-07-17 19:51:59,-12.0167,17.4833,60.24,36,7,3.65
154,Vila Franca Do Campo,PT,2022-07-17 19:51:59,37.7167,-25.4333,70.21,78,39,7.11
155,Mahebourg,MU,2022-07-17 19:51:59,-20.4081,57.7,70.25,56,20,19.57
156,Sao Filipe,CV,2022-07-17 19:48:20,14.8961,-24.4956,75.42,79,61,14.81
157,Kaitangata,NZ,2022-07-17 19:52:00,-46.2817,169.8464,43.83,89,77,5.44
158,Neuquen,AR,2022-07-17 19:47:47,-38.9516,-68.0591,53.49,50,75,9.22
159,Talnakh,RU,2022-07-17 19:52:00,69.4865,88.3972,54.21,68,94,2.19
160,Seydi,TM,2022-07-17 19:52:01,39.4816,62.9137,91.36,14,0,12.53
161,Basco,PH,2022-07-17 19:52:01,20.4487,121.9702,84.83,79,100,13.53
162,Tura,IN,2022-07-17 19:52:02,25.5198,90.2201,75.49,94,99,4.76
163,Nikolskoye,RU,2022-07-17 19:52:02,59.7035,30.7861,57.09,95,100,4.74
164,Kamaishi,JP,2022-07-17 19:52:02,39.2667,141.8833,70.32,92,49,3.49
165,Kindu,CD,2022-07-17 19:52:03,-2.95,25.95,78.69,52,100,2.39
166,Raichur,IN,2022-07-17 19:52:03,16.2,77.3667,76.89,80,100,15.61
167,Pangody,RU,2022-07-17 19:52:04,65.85,74.4859,56.77,64,64,10.94
168,Provideniya,RU,2022-07-17 19:52:04,64.3833,-173.3,52.56,90,98,9.84
169,Lebu,CL,2022-07-17 19:52:05,-37.6167,-73.65,50.56,85,40,15.39
170,Aras,ES,2022-07-17 19:52:05,42.5617,-2.356,88.23,33,20,2.3
171,Ucluelet,CA,2022-07-17 19:52:06,48.9329,-125.5528,62.91,85,46,1.01
172,Cidreira,BR,2022-07-17 19:52:06,-30.1811,-50.2056,55.69,66,33,11.92
173,Jasper,US,2022-07-17 19:50:24,37.2001,-94.3502,99.45,38,20,10.36
174,Santa Marta,CO,2022-07-17 19:51:08,11.2408,-74.199,91.45,62,40,4.61
175,Isabela,PH,2022-07-17 19:52:07,6.7085,121.9711,77.43,89,100,8.46
176,Petropavlovsk-Kamchatskiy,RU,2022-07-17 19:52:07,53.0452,158.6483,57.79,100,0,2.24
177,Kruisfontein,ZA,2022-07-17 19:52:08,-34.0033,24.7314,72.37,24,0,19.51
178,Troitsko-Pechorsk,RU,2022-07-17 19:52:08,62.7084,56.1964,60.78,93,17,2.21
179,Beringovskiy,RU,2022-07-17 19:52:09,63.05,179.3167,45.75,60,10,29.28
180,Shellbrook,CA,2022-07-17 19:52:09,53.2168,-106.4011,76.23,59,51,3.09
181,Picota,PE,2022-07-17 19:52:10,-6.9197,-76.3304,86.49,55,68,1.57
182,Kapit,MY,2022-07-17 19:52:10,2.0167,112.9333,73.78,93,99,1.14
183,Khorramshahr,IR,2022-07-17 19:52:10,30.4397,48.1664,105.76,9,0,11.5
184,Hamilton,US,2022-07-17 19:49:01,39.1834,-84.5333,74.25,94,100,13.8
185,Severo-Yeniseyskiy,RU,2022-07-17 19:52:11,60.3725,93.0408,49.82,86,93,4.16
186,Ilhabela,BR,2022-07-17 19:52:11,-23.7781,-45.3581,69.26,92,100,8.48
187,Buala,SB,2022-07-17 19:53:12,-8.145,159.5921,79.29,82,27,8.57
188,Mugumu,TZ,2022-07-17 19:53:12,-1.85,34.7,68.04,52,100,3.8
189,Morondava,MG,2022-07-17 19:53:13,-20.2833,44.2833,72.27,52,0,11.16
190,Lieksa,FI,2022-07-17 19:53:13,63.3167,30.0167,54.72,88,88,7.72
191,Campo Maior,BR,2022-07-17 19:53:14,-4.8278,-42.1686,92.59,33,60,0.69
192,San Juan,AR,2022-07-17 19:50:47,-31.5375,-68.5364,64.27,13,0,7.76
193,Lodja,CD,2022-07-17 19:53:14,-3.4833,23.4333,75.78,47,34,2.24
194,Kaposvar,HU,2022-07-17 19:52:10,46.3667,17.8,64.53,27,0,3.44
195,Naigarhi,IN,2022-07-17 19:53:15,24.7833,81.7833,85.82,63,15,14.36
196,Togul,RU,2022-07-17 19:53:15,53.465,85.9128,52.74,86,63,3.42
197,Adrar,MR,2022-07-17 19:53:16,20.5022,-10.0711,103.51,9,76,9.53
198,Lazaro Cardenas,MX,2022-07-17 19:53:16,17.9583,-102.2,86.61,63,87,11.32
199,Collie,AU,2022-07-17 19:53:17,-33.3667,116.15,50.18,98,99,7.96
200,Ejido,VE,2022-07-17 19:53:17,8.5514,-71.2375,75.51,81,88,3.31
201,Datong,CN,2022-07-17 19:53:18,40.0936,113.2914,67.55,38,69,6.24
202,Thunder Bay,CA,2022-07-17 19:53:18,48.4001,-89.3168,73.31,68,20,10.36
203,Kjollefjord,NO,2022-07-17 19:53:18,70.9457,27.3465,53.42,82,75,3.44
204,Ranau,MY,2022-07-17 19:53:19,5.9538,116.6641,70.63,75,100,2.19
205,Vardo,NO,2022-07-17 19:53:19,70.3705,31.1107,53.58,94,0,6.91
206,Payo,ID,2022-07-17 19:53:20,-3.7508,103.6372,72.7,95,81,2.21
207,Murgab,TM,2022-07-17 19:53:20,37.4966,61.9714,84.07,28,0,6.91
208,Turangi,NZ,2022-07-17 19:53:21,-39.0,175.9333,32.54,99,86,1.5
209,Manono,CD,2022-07-17 19:53:21,-7.3,27.4167,77.52,35,52,6.15
210,Ziro,IN,2022-07-17 19:53:21,27.6333,93.8333,60.64,98,100,0.38
211,Isangel,VU,2022-07-17 19:53:22,-19.55,169.2667,74.75,87,100,15.21
212,Amahai,ID,2022-07-17 19:53:22,-3.3333,128.9167,76.06,91,96,5.86
213,Opuwo,NA,2022-07-17 19:53:03,-18.0607,13.84,62.04,34,0,7.96
214,Dunedin,NZ,2022-07-17 19:53:23,-45.8742,170.5036,53.02,73,100,10.58
215,Rio Gallegos,AR,2022-07-17 19:53:24,-51.6226,-69.2181,33.85,75,40,9.22
216,Kahului,US,2022-07-17 19:49:43,20.8947,-156.47,83.97,64,20,20.71
217,Guerrero Negro,MX,2022-07-17 19:53:24,27.9769,-114.0611,81.75,45,1,11.1
218,Dudinka,RU,2022-07-17 19:53:25,69.4058,86.1778,54.63,68,0,9.15
219,Morehead,US,2022-07-17 19:53:25,37.2711,-87.1764,79.99,94,40,4.61
220,Egvekinot,RU,2022-07-17 19:53:26,66.3167,-179.1667,34.74,54,19,24.38
221,Sioux Lookout,CA,2022-07-17 19:50:36,50.1001,-91.917,84.27,51,75,11.5
222,Cayenne,GF,2022-07-17 19:53:26,4.9333,-52.3333,87.84,1,40,11.5
223,Illapel,CL,2022-07-17 19:53:26,-31.6308,-71.1653,59.2,45,100,1.36
224,Kondinskoye,RU,2022-07-17 19:53:27,59.6481,67.41,59.31,66,44,1.63
225,Qinhuangdao,CN,2022-07-17 19:53:27,39.9317,119.5883,71.08,84,0,1.7
226,Gorele,TR,2022-07-17 19:53:28,41.0308,39.0031,70.21,86,44,8.77
227,Leeds,GB,2022-07-17 19:51:19,53.7964,-1.5477,83.08,40,0,12.66
228,Kutum,SD,2022-07-17 19:53:28,14.2,24.6667,82.13,41,79,3.69
229,Westport,US,2022-07-17 19:53:28,41.1415,-73.3579,86.09,65,100,4.0
230,Turayf,SA,2022-07-17 19:53:29,31.6725,38.6637,89.85,23,0,11.5
231,Saint George,US,2022-07-17 19:52:56,37.1041,-113.5841,102.63,20,0,17.27
232,Debre Sina,ET,2022-07-17 19:53:29,9.85,39.7667,58.1,66,91,2.53
233,Fairbanks,US,2022-07-17 19:53:30,64.8378,-147.7164,64.09,66,40,0.0
234,Barabai,ID,2022-07-17 19:53:30,-2.5833,115.3833,72.79,94,100,1.99
235,Carora,VE,2022-07-17 19:54:30,10.1755,-70.0827,96.42,30,33,17.29
236,Qaqortoq,GL,2022-07-17 19:54:31,60.7167,-46.0333,46.36,77,100,11.16
237,Tasiilaq,GL,2022-07-17 19:54:31,65.6145,-37.6368,41.29,79,63,6.02
238,Alexandria,EG,2022-07-17 19:53:54,31.2156,29.9553,78.76,73,0,9.22
239,Sisophon,KH,2022-07-17 19:54:32,13.5859,102.9737,77.47,88,100,5.1
240,Diffa,NE,2022-07-17 19:54:32,13.3154,12.6113,76.08,76,52,14.72
241,Bikaner,IN,2022-07-17 19:54:33,28.0167,73.3,89.82,59,6,6.49
242,Vilyuysk,RU,2022-07-17 19:54:33,63.7553,121.6247,62.78,98,99,4.99
243,Bayshore Gardens,US,2022-07-17 19:54:33,27.4253,-82.5904,90.05,64,9,1.01
244,Bani Walid,LY,2022-07-17 19:54:34,31.7566,13.9942,77.99,49,0,12.35
245,Oktyabrskiy,RU,2022-07-17 19:54:34,54.4815,53.471,66.2,86,100,2.04
246,Kenai,US,2022-07-17 19:54:35,60.5544,-151.2583,55.49,97,100,4.61
247,Huanan,CN,2022-07-17 19:54:35,46.2167,130.5167,63.05,95,100,4.99
248,Miramar,US,2022-07-17 19:54:36,25.9873,-80.2323,92.01,65,20,16.11
249,Schoningen,DE,2022-07-17 19:54:36,52.138,10.9675,67.39,50,100,3.04
250,Acapulco,MX,2022-07-17 19:52:36,16.8634,-99.8901,86.54,64,88,8.1
251,Rock Sound,BS,2022-07-17 19:54:36,24.9,-76.2,82.74,79,100,17.85
252,Labuan,MY,2022-07-17 19:54:37,5.2767,115.2417,75.56,100,20,0.0
253,Chunoyar,RU,2022-07-17 19:54:37,57.4467,97.3217,59.07,74,100,8.1
254,Mount Isa,AU,2022-07-17 19:53:44,-20.7333,139.5,46.17,81,2,0.0
255,Massakory,TD,2022-07-17 19:54:38,12.996,15.7293,77.83,72,100,13.09
256,Rampura,IN,2022-07-17 19:54:38,30.25,75.2333,87.84,60,0,5.41
257,Ossora,RU,2022-07-17 19:54:39,59.2353,163.0719,59.52,85,98,5.68
258,Anloga,GH,2022-07-17 19:54:39,5.7947,0.8973,75.81,85,96,13.13
259,Hami,CN,2022-07-17 19:54:39,42.8,93.45,80.55,27,6,3.94
260,Atar,MR,2022-07-17 19:54:40,20.5169,-13.0499,105.15,8,19,9.04
261,Linjiang,CN,2022-07-17 19:54:40,41.8069,126.9078,62.29,99,100,1.43
262,Sao Gabriel Da Cachoeira,BR,2022-07-17 19:54:41,-0.1303,-67.0892,91.2,58,40,8.05
263,Matara,LK,2022-07-17 19:54:41,5.9485,80.5353,78.67,85,100,9.98
264,Grindavik,IS,2022-07-17 19:54:41,63.8424,-22.4338,51.75,87,100,9.22
265,Estelle,US,2022-07-17 19:54:42,29.8458,-90.1067,93.99,59,75,6.91
266,Santa Maria,BR,2022-07-17 19:54:42,-29.6842,-53.8069,52.9,62,100,4.61
267,Beloha,MG,2022-07-17 19:54:42,-25.1667,45.05,64.29,77,0,10.83
268,Vila Velha,BR,2022-07-17 19:54:43,-20.3297,-40.2925,80.55,80,20,14.97
269,Garden City,US,2022-07-17 19:54:43,42.3256,-83.331,80.82,72,100,6.17
270,Nemuro,JP,2022-07-17 19:54:44,43.3236,145.575,62.55,100,100,12.01
271,Nantucket,US,2022-07-17 19:53:52,41.2835,-70.0995,82.51,80,1,11.59
272,Port Hardy,CA,2022-07-17 19:54:44,50.6996,-127.4199,55.58,88,75,11.5
273,Souillac,MU,2022-07-17 19:54:44,-20.5167,57.5167,70.18,56,20,19.57
274,Hovd,MN,2022-07-17 19:54:45,48.0056,91.6419,65.52,41,15,7.78
275,Hemsedal,NO,2022-07-17 19:54:45,60.8629,8.5534,55.15,88,95,4.65
276,Terney,RU,2022-07-17 19:54:46,45.0503,136.6092,59.02,92,99,3.44
277,Tatawin,TN,2022-07-17 19:54:46,32.9297,10.4518,77.23,60,0,12.75
278,Tilichiki,RU,2022-07-17 19:54:46,60.4667,166.1,56.61,82,100,7.31
279,Siderno,IT,2022-07-17 19:55:47,38.2779,16.302,84.34,63,0,5.64
280,Independence,US,2022-07-17 19:55:47,39.0911,-94.4155,91.11,65,34,12.19
281,Bentiu,SS,2022-07-17 19:55:47,9.2333,29.8333,73.0,92,94,3.74
282,Brandenburg,DE,2022-07-17 19:55:48,52.4167,12.55,68.92,50,100,3.36
283,Hailar,CN,2022-07-17 19:55:48,49.2,119.7,59.86,97,98,4.32
284,Ambunti,PG,2022-07-17 19:51:00,-4.2365,142.8448,71.98,99,59,1.45
285,Vestmannaeyjar,IS,2022-07-17 19:55:49,63.4427,-20.2734,52.3,86,42,15.46
286,Neijiang,CN,2022-07-17 19:55:49,29.5835,105.0622,74.73,96,100,5.06
287,Baykit,RU,2022-07-17 19:55:49,61.67,96.37,50.79,97,71,3.51
288,Jogeva,EE,2022-07-17 19:55:50,58.7467,26.3939,55.53,86,100,6.15
289,Catuday,PH,2022-07-17 19:55:50,16.2923,119.8062,79.16,81,95,6.67
290,Praia Da Vitoria,PT,2022-07-17 19:55:50,38.7333,-27.0667,77.25,69,75,11.39
291,Victor Harbor,AU,2022-07-17 19:55:51,-35.5667,138.6167,44.67,78,95,10.36
292,Madison Heights,US,2022-07-17 19:55:51,42.4859,-83.1052,80.83,76,0,6.91
293,Kulhudhuffushi,MV,2022-07-17 19:55:52,6.6221,73.07,80.64,80,100,19.3
294,Whitehorse,CA,2022-07-17 19:54:20,60.7161,-135.0538,56.17,72,75,20.71
295,Lompoc,US,2022-07-17 19:54:38,34.6391,-120.4579,80.85,68,0,14.97
296,Dipolog,PH,2022-07-17 19:55:52,8.5894,123.3414,76.68,90,100,7.11
297,Talara,PE,2022-07-17 19:55:53,-4.5772,-81.2719,72.36,64,0,14.97
298,Nova Olimpia,BR,2022-07-17 19:55:53,-14.7972,-57.2881,90.5,34,1,5.14
299,Fortuna,US,2022-07-17 19:55:53,40.5982,-124.1573,66.97,68,10,9.55
300,Altagracia De Orituco,VE,2022-07-17 19:55:54,9.8601,-66.3814,80.67,79,72,4.59
301,Chapais,CA,2022-07-17 19:55:54,49.7834,-74.8492,78.58,28,53,7.78
302,Along,IN,2022-07-17 19:55:54,28.1667,94.7667,75.13,98,99,1.1
303,Amparafaravola,MG,2022-07-17 19:55:55,-17.5833,48.2167,58.26,87,82,10.33
304,Mildura,AU,2022-07-17 19:55:55,-34.2,142.15,42.08,93,63,8.37
305,Nisia Floresta,BR,2022-07-17 19:55:55,-6.0911,-35.2086,79.18,82,77,12.84
306,Mount Gambier,AU,2022-07-17 19:55:56,-37.8333,140.7667,46.74,80,100,8.23
307,Karratha,AU,2022-07-17 19:55:56,-20.7377,116.8463,64.94,56,0,5.95
308,Kargasok,RU,2022-07-17 19:55:57,59.0556,80.8572,51.51,94,22,9.26
309,Los Llanos De Aridane,ES,2022-07-17 19:55:57,28.6585,-17.9182,71.13,81,0,16.11
310,Tautira,PF,2022-07-17 19:55:57,-17.7333,-149.15,75.56,70,42,13.47
311,Leshan,CN,2022-07-17 19:51:58,29.5623,103.7639,75.65,89,100,2.21
312,Orda,RU,2022-07-17 19:55:58,57.1951,56.9091,60.94,79,2,2.26
313,Butaritari,KI,2022-07-17 19:55:58,3.0707,172.7902,82.02,73,96,10.71
314,Benghazi,LY,2022-07-17 19:55:59,32.1167,20.0667,80.1,77,0,18.28
315,Dingle,PH,2022-07-17 19:55:59,10.9995,122.6711,74.79,93,100,1.99
316,Husavik,IS,2022-07-17 19:55:59,66.0449,-17.3389,46.54,93,100,9.19
317,Ponta Do Sol,PT,2022-07-17 19:56:00,32.6667,-17.1,75.0,77,8,8.97
318,Chuy,UY,2022-07-17 19:56:00,-33.6971,-53.4616,49.6,70,0,8.75
319,Tommot,RU,2022-07-17 19:56:01,58.9564,126.2925,65.71,91,5,1.54
320,Banda Aceh,ID,2022-07-17 19:56:01,5.5577,95.3222,79.45,82,95,4.21
321,Deputatskiy,RU,2022-07-17 19:56:01,69.3,139.9,45.72,66,98,2.48
322,Bytow,PL,2022-07-17 19:56:02,54.1706,17.4919,52.21,80,96,8.01
323,Havre-Saint-Pierre,CA,2022-07-17 19:56:02,50.2334,-63.5986,66.56,68,0,24.16
324,Trindade,BR,2022-07-17 19:54:03,-16.6494,-49.4889,89.35,19,3,7.49
325,Salalah,OM,2022-07-17 19:56:03,17.0151,54.0924,76.17,93,100,2.46
326,Portland,US,2022-07-17 19:52:42,45.5234,-122.6762,75.69,47,75,9.22
327,Verkhnyaya Maksakovka,RU,2022-07-17 19:57:04,61.635,50.9674,60.82,82,0,0.0
328,Severnoye,RU,2022-07-17 19:57:04,56.3491,78.3619,51.51,96,2,6.89
329,Coelho Neto,BR,2022-07-17 19:57:04,-4.2567,-43.0128,89.15,46,15,1.86
330,Labytnangi,RU,2022-07-17 19:57:05,66.6572,66.4183,60.08,55,100,3.67
331,Kuytun,RU,2022-07-17 19:57:05,54.3419,101.5036,53.94,92,93,6.6
332,Kaman,IN,2022-07-17 19:57:06,27.65,77.2667,93.63,43,34,6.33
333,San Cristobal,VE,2022-07-17 19:57:06,7.7669,-72.225,84.38,53,58,6.58
334,Elko,US,2022-07-17 19:54:58,41.0002,-115.5012,95.02,16,56,7.0
335,Maceio,BR,2022-07-17 19:57:07,-9.6658,-35.7353,80.04,69,40,9.22
336,Bilma,NE,2022-07-17 19:57:07,18.6853,12.9164,91.18,34,64,14.61
337,Areado,BR,2022-07-17 19:57:07,-21.3586,-46.1456,78.6,44,20,1.41
338,Ptichye,RU,2022-07-17 19:57:08,45.5168,41.7115,78.08,64,100,5.97
339,Plouzane,FR,2022-07-17 19:53:36,48.3833,-4.6167,86.32,47,0,4.61
340,Whitianga,NZ,2022-07-17 19:57:08,-36.8333,175.7,47.66,83,88,1.9
341,Vestmanna,FO,2022-07-17 19:57:09,62.1564,-7.1664,49.12,93,100,13.8
342,Jaru,BR,2022-07-17 19:57:09,-10.4389,-62.4664,97.93,24,4,5.77
343,Ozernovskiy,RU,2022-07-17 19:57:10,51.5,156.5167,54.12,98,100,4.36
344,Ragusa,IT,2022-07-17 19:57:10,36.9167,14.6,78.89,53,0,2.3
345,Saldanha,ZA,2022-07-17 19:57:10,-33.0117,17.9442,57.25,92,0,7.85
346,Ngunguru,NZ,2022-07-17 19:57:11,-35.6167,174.5,53.08,72,100,8.16
347,Nishihara,JP,2022-07-17 19:57:11,26.1842,127.7558,83.48,89,20,13.8
348,Batagay-Alyta,RU,2022-07-17 19:57:12,67.8006,130.4114,50.94,76,100,2.8
349,Vila Do Maio,CV,2022-07-17 19:57:12,15.1333,-23.2167,81.39,82,4,22.28
350,Half Moon Bay,US,2022-07-17 19:57:13,37.4636,-122.4286,92.53,68,40,11.5
351,Pontianak,ID,2022-07-17 19:57:13,-0.0333,109.3333,75.18,94,100,1.14
352,Slavsk,RU,2022-07-17 19:57:13,55.0425,21.677,53.64,89,95,5.39
353,Zimovniki,RU,2022-07-17 19:57:14,47.1483,42.4633,79.66,34,55,2.37
354,George,ZA,2022-07-17 19:57:14,-33.963,22.4617,54.95,94,2,3.44
355,Lavrentiya,RU,2022-07-17 19:57:15,65.5833,-171.0,46.78,97,100,8.5
356,Goascoran,HN,2022-07-17 19:57:15,13.5833,-87.6167,95.83,35,17,7.27
357,Gisborne,NZ,2022-07-17 19:57:16,-38.6533,178.0042,46.06,82,45,10.98
358,Alice,US,2022-07-17 19:57:16,27.7523,-98.0697,98.33,22,47,16.35
359,Caraubas,BR,2022-07-17 19:57:17,-5.7925,-37.5567,84.43,51,93,10.42
360,Coihaique,CL,2022-07-17 19:57:17,-45.5752,-72.0662,40.95,75,75,9.22
361,Sistranda,NO,2022-07-17 19:57:18,63.7256,8.834,53.56,83,77,20.09
362,Maryville,US,2022-07-17 19:57:18,35.7565,-83.9705,93.11,56,100,13.0
363,Leningradskiy,RU,2022-07-17 19:57:18,69.3833,178.4167,32.61,92,74,26.15
364,Kautokeino,NO,2022-07-17 19:57:19,69.0125,23.0412,47.53,86,100,7.74
365,Port Lincoln,AU,2022-07-17 19:57:19,-34.7333,135.8667,52.74,62,100,8.28
366,Den Helder,NL,2022-07-17 19:57:20,52.9599,4.7593,71.58,61,83,3.44
367,San Francisco,US,2022-07-17 19:55:08,37.7749,-122.4194,93.45,77,20,17.27
368,Klaksvik,FO,2022-07-17 19:57:20,62.2266,-6.589,50.92,87,100,22.35
369,The Valley,AI,2022-07-17 19:57:21,18.217,-63.0578,87.66,66,20,18.41
370,Bambanglipuro,ID,2022-07-17 19:57:21,-7.95,110.2833,75.0,84,91,7.56
371,Faro,PT,2022-07-17 19:57:21,37.0194,-7.9322,80.19,88,0,10.36
372,Seka,TH,2022-07-17 19:54:33,17.9285,103.9552,79.16,88,100,4.88
373,Port Augusta,AU,2022-07-17 19:55:16,-32.5,137.7667,44.96,85,0,4.52
374,Mitu,CO,2022-07-17 19:58:22,1.1983,-70.1733,84.0,73,27,4.38
375,Maputo,MZ,2022-07-17 19:54:09,-25.9653,32.5892,67.23,85,0,2.62
376,Muzhi,RU,2022-07-17 19:58:23,65.3667,64.6667,58.57,67,18,2.46
377,Chilca,PE,2022-07-17 19:58:23,-12.5211,-76.7372,62.55,81,36,7.18
378,Shache,CN,2022-07-17 19:58:23,38.4167,77.2406,78.71,18,0,5.91
379,Hervey Bay,AU,2022-07-17 19:58:24,-25.2986,152.8535,56.01,91,99,3.0
380,Broken Hill,AU,2022-07-17 19:58:24,-31.95,141.4333,41.74,92,1,6.8
381,Bukama,CD,2022-07-17 19:58:25,-9.2,25.85,72.63,35,12,3.29
382,Hofn,IS,2022-07-17 19:58:25,64.2539,-15.2082,55.63,68,15,9.53
383,Zlotow,PL,2022-07-17 19:58:25,53.3635,17.0408,55.98,73,19,6.73
384,Benguela,AO,2022-07-17 19:58:26,-12.5763,13.4055,67.55,87,31,3.62
385,Bolu,TR,2022-07-17 19:58:26,40.6667,31.5833,58.55,93,4,3.44
386,Marzuq,YE,2022-07-17 19:58:27,14.4,46.4667,82.98,17,58,1.5
387,Huntington,US,2022-07-17 19:58:27,38.4193,-82.4452,87.35,75,100,7.0
388,Jurm,AF,2022-07-17 19:58:27,36.8648,70.8342,72.9,34,0,0.63
389,Wenling,CN,2022-07-17 19:58:28,28.3669,121.36,79.92,95,100,13.38
390,Poltava,UA,2022-07-17 19:58:28,49.5937,34.5407,54.66,87,1,6.08
391,Erenhot,CN,2022-07-17 19:58:28,43.6475,111.9767,67.98,32,3,2.17
392,Grimshaw,CA,2022-07-17 19:58:29,56.1834,-117.6027,74.82,35,0,17.27
393,Ugoofaaru,MV,2022-07-17 19:58:29,5.6667,73.0,79.41,80,100,23.53
394,Hambantota,LK,2022-07-17 19:58:30,6.1241,81.1185,80.15,79,100,15.97
395,Angoche,MZ,2022-07-17 19:58:30,-16.2325,39.9086,69.67,86,16,6.29
396,Sorong,ID,2022-07-17 19:58:30,-0.8833,131.25,76.86,86,100,4.12
397,Karwar,IN,2022-07-17 19:58:31,14.8,74.1333,78.08,87,100,13.27
398,Contai,IN,2022-07-17 19:58:31,21.7786,87.7536,83.21,80,97,14.74
399,Mbandaka,CD,2022-07-17 19:58:32,0.0487,18.2603,71.64,91,92,3.74
400,Pa Sang,TH,2022-07-17 19:58:32,18.5262,98.9394,79.0,86,85,3.87
401,Nizhnevartovsk,RU,2022-07-17 19:58:32,60.9344,76.5531,57.22,82,40,4.47
402,Pemangkat,ID,2022-07-17 19:58:33,1.1667,108.9667,77.27,77,100,3.49
403,Krizevci,HR,2022-07-17 19:58:33,46.0219,16.5425,71.19,52,4,3.85
404,Ukiah,US,2022-07-17 19:55:08,39.1502,-123.2078,101.44,36,0,4.61
405,Havoysund,NO,2022-07-17 19:58:33,70.9963,24.6622,52.03,87,46,9.01
406,Vysokogornyy,RU,2022-07-17 19:58:34,50.1167,139.15,52.81,94,100,2.28
407,Uppsala,SE,2022-07-17 19:58:34,60.0,17.75,62.11,59,100,1.14
408,Hithadhoo,MV,2022-07-17 19:58:35,-0.6,73.0833,76.77,83,100,20.09
409,Smithers,CA,2022-07-17 19:55:10,54.7804,-127.1743,62.92,59,75,5.75
410,Palmer,US,2022-07-17 19:58:35,42.1584,-72.3287,87.19,60,98,7.65
411,Moldova Sulita,RO,2022-07-17 19:58:36,47.6833,25.25,49.84,78,5,3.02
412,Paungde,MM,2022-07-17 19:58:36,18.4833,95.5,77.52,91,92,4.43
413,Tanout,NE,2022-07-17 19:58:36,14.9709,8.8879,77.59,69,83,12.15
414,Caravelas,BR,2022-07-17 19:58:37,-17.7125,-39.2481,74.23,78,5,7.81
415,Bathsheba,BB,2022-07-17 19:58:37,13.2167,-59.5167,86.61,81,20,23.02
416,Glendora,US,2022-07-17 19:58:37,34.1361,-117.8653,109.67,27,0,10.36
417,Calbuco,CL,2022-07-17 19:58:38,-41.768,-73.1273,45.73,84,98,17.43
418,Saint-Louis,SN,2022-07-17 19:59:38,16.3333,-15.0,89.24,48,9,16.35
419,Chumikan,RU,2022-07-17 19:59:39,54.7183,135.315,51.75,99,100,6.15
420,Ust-Kuyga,RU,2022-07-17 19:59:39,70.0167,135.6,47.43,58,91,3.18
421,Boundiali,CI,2022-07-17 19:59:39,9.5217,-6.4869,73.11,94,100,4.61
422,Montepuez,MZ,2022-07-17 19:59:40,-13.1256,38.9997,68.36,68,100,6.22
423,Laurel,US,2022-07-17 19:58:11,39.0993,-76.8483,86.76,79,99,3.0
424,Grand Gaube,MU,2022-07-17 19:59:40,-20.0064,57.6608,70.2,61,38,5.01
425,Pervomayskoye,RU,2022-07-17 19:59:41,43.919,46.7102,84.74,30,0,12.88
426,Kisangani,CD,2022-07-17 19:59:41,0.5167,25.2,72.09,95,100,3.31
427,Haines Junction,CA,2022-07-17 19:59:41,60.7522,-137.5108,64.35,45,93,9.22
428,Harper,LR,2022-07-17 19:59:42,4.375,-7.7169,75.25,81,99,11.54
429,Camana,PE,2022-07-17 19:59:42,-16.6228,-72.7111,63.18,73,46,10.02
430,Mettur,IN,2022-07-17 19:59:43,11.8,77.8,77.09,89,100,2.73
431,Vao,NC,2022-07-17 19:59:43,-22.6667,167.4833,70.88,73,99,18.48
432,Huoqiu,CN,2022-07-17 19:59:44,32.3394,116.2694,75.9,98,75,4.45
433,Mokobeng,BW,2022-07-17 19:59:44,-22.9965,27.6678,54.18,80,0,6.73
434,Hat Yai,TH,2022-07-17 19:59:44,7.0084,100.4767,77.18,94,40,0.0
435,Inuvik,CA,2022-07-17 19:59:45,68.3499,-133.7218,69.01,50,40,6.91
436,Burns Lake,CA,2022-07-17 19:55:05,54.2331,-125.7533,62.02,36,100,6.35
437,Tari,NG,2022-07-17 19:59:45,12.4086,4.4914,80.91,70,100,5.35
438,Laishevo,RU,2022-07-17 19:59:46,55.4046,49.5504,64.62,88,35,3.83
439,Prince Rupert,CA,2022-07-17 19:58:59,54.3161,-130.3201,58.69,82,100,5.75
440,Sinnamary,GF,2022-07-17 19:59:46,5.3833,-52.95,80.78,77,71,4.05
441,Rudsar,IR,2022-07-17 19:59:46,37.1376,50.288,80.58,63,0,2.28
442,Tolaga Bay,NZ,2022-07-17 19:59:47,-38.3667,178.3,45.19,81,53,4.74
443,Severo-Kurilsk,RU,2022-07-17 19:59:47,50.6789,156.125,54.41,95,99,1.57
444,Maraa,BR,2022-07-17 19:59:47,-1.8333,-65.3667,84.33,71,99,1.1
445,Kuala Terengganu,MY,2022-07-17 19:59:48,5.3302,103.1408,78.75,94,20,3.44
446,Araouane,ML,2022-07-17 19:59:48,18.9048,-3.5265,99.19,27,63,7.85
447,Gorontalo,ID,2022-07-17 19:59:49,0.5412,123.0595,74.12,97,100,1.92
448,Totness,SR,2022-07-17 19:59:49,5.8833,-56.3167,83.12,70,27,8.72
449,Natal,BR,2022-07-17 19:54:54,-5.795,-35.2094,79.02,89,75,13.8
450,Costa Rica,BR,2022-07-17 19:59:49,-23.4167,-54.65,60.35,50,100,4.7
451,Bud,US,2022-07-17 19:59:50,39.447,-86.1758,75.18,93,100,9.28
452,Namatanai,PG,2022-07-17 19:59:50,-3.6667,152.4333,79.11,79,52,8.86
453,Umaria,IN,2022-07-17 19:55:40,23.5333,80.8333,78.22,85,26,8.28
454,Nianzishan,CN,2022-07-17 19:59:51,47.5167,122.8833,64.15,97,100,4.38
455,Iqaluit,CA,2022-07-17 19:59:51,63.7506,-68.5145,42.53,93,100,5.75
456,Kununurra,AU,2022-07-17 19:59:51,-15.7667,128.7333,49.98,87,4,1.14
457,Madinat Sittah Uktubar,EG,2022-07-17 19:59:52,29.8167,31.05,83.8,42,0,13.51
458,Shihezi,CN,2022-07-17 19:59:52,44.3,86.0333,80.96,24,45,8.3
459,Suntar,RU,2022-07-17 19:59:53,62.1444,117.6319,55.56,95,100,3.56
460,Coolum Beach,AU,2022-07-17 19:59:53,-26.5333,153.1,58.23,89,71,6.4
461,Chateauroux,FR,2022-07-17 19:59:53,46.8167,1.7,80.6,39,0,8.05
462,Gazli,UZ,2022-07-17 19:59:54,40.1333,63.45,94.28,11,0,17.87
463,Bandiagara,ML,2022-07-17 19:59:54,14.3501,-3.6104,85.69,53,21,8.93
464,Ketchikan,US,2022-07-17 19:57:33,55.3422,-131.6461,60.78,95,100,3.89
465,Bar Harbor,US,2022-07-17 20:00:55,44.3876,-68.2039,85.33,76,23,11.32
466,Curvelo,BR,2022-07-17 20:00:55,-18.7564,-44.4308,83.64,24,12,5.73
467,Quebrada Seca,HN,2022-07-17 20:00:55,15.6667,-87.95,91.98,71,40,6.91
468,Formosa,AR,2022-07-17 20:00:56,-26.1775,-58.1781,60.49,51,0,4.61
469,Dapaong,TG,2022-07-17 20:00:56,10.8639,0.205,74.88,85,87,4.16
470,Yaan,NG,2022-07-17 20:00:57,7.3833,8.5667,75.27,79,100,2.98
471,Dobson,US,2022-07-17 20:00:57,36.3957,-80.7226,83.82,77,75,0.0
472,Atagay,RU,2022-07-17 20:00:57,55.1033,99.3875,54.66,91,100,3.11
473,Buta,CD,2022-07-17 20:00:58,2.7858,24.73,70.7,97,54,2.55
474,Tinguindin,MX,2022-07-17 20:00:59,19.75,-102.4833,68.9,82,99,1.23
475,Mbuji-Mayi,CD,2022-07-17 20:00:05,-6.15,23.6,81.41,31,54,2.89
476,Plettenberg Bay,ZA,2022-07-17 20:00:59,-34.0527,23.3716,65.21,65,0,9.91
477,Rolla,US,2022-07-17 20:01:00,37.9514,-91.7713,86.14,74,75,5.99
478,Kapoeta,SS,2022-07-17 20:01:00,4.7717,33.5903,80.1,52,70,7.7
479,Abu Kamal,SY,2022-07-17 20:01:01,34.4506,40.9171,92.62,17,0,8.77
480,Sambava,MG,2022-07-17 20:01:01,-14.2667,50.1667,69.76,84,90,14.74
481,Kamenka,RU,2022-07-17 20:01:01,51.3223,42.7678,65.66,87,60,4.88
482,Razdolinsk,RU,2022-07-17 20:01:02,58.4211,94.6658,58.21,69,100,10.65
483,Toora-Khem,RU,2022-07-17 20:01:03,52.4675,96.11,51.49,96,93,1.21
484,Shimoda,JP,2022-07-17 20:01:03,34.6667,138.95,76.1,89,80,12.03
485,Mala,PE,2022-07-17 20:01:03,-12.6581,-76.6308,66.31,72,19,7.49
486,Iringa,TZ,2022-07-17 20:01:04,-7.7667,35.7,51.51,81,0,9.57
487,Shestakovo,RU,2022-07-17 20:01:04,56.4915,103.96,50.16,94,12,2.19
488,Nanortalik,GL,2022-07-17 20:01:05,60.1432,-45.2371,43.56,84,100,13.73
489,Juba,SS,2022-07-17 20:00:10,4.8517,31.5825,70.7,92,46,4.03
490,Navirai,BR,2022-07-17 19:57:15,-23.065,-54.1906,61.48,49,100,7.67
491,Srednekolymsk,RU,2022-07-17 20:01:05,67.45,153.6833,49.73,44,11,6.15
492,Qasigiannguit,GL,2022-07-17 20:01:06,68.8193,-51.1922,52.05,64,26,2.98
493,Yerbogachen,RU,2022-07-17 20:01:06,61.2767,108.0108,56.64,83,82,1.99
494,Tarbert,GB,2022-07-17 20:01:07,55.8628,-5.4162,62.74,82,100,3.78
495,Homer,US,2022-07-17 20:01:07,59.6425,-151.5483,54.81,82,100,10.0
496,Atliaca,MX,2022-07-17 20:01:07,17.65,-99.3667,74.01,71,100,1.36
497,Holme,DK,2022-07-17 20:01:08,56.1138,10.1725,63.97,82,100,11.18
498,Anadyr,RU,2022-07-17 20:01:08,64.75,177.4833,41.0,52,3,24.0
499,Pocone,BR,2022-07-17 20:01:09,-16.2567,-56.6228,86.85,35,37,4.81
500,Chikwawa,MW,2022-07-17 20:01:09,-16.0335,34.8009,68.67,69,99,3.53
501,Sitagroi,GR,2022-07-17 20:01:10,41.1167,24.0333,83.19,46,16,4.63
502,Fartura,BR,2022-07-17 20:01:10,-23.3883,-49.51,77.38,63,100,2.91
503,Rawson,AR,2022-07-17 20:01:10,-43.3002,-65.1023,51.6,47,53,18.68
504,Biloela,AU,2022-07-17 20:01:11,-24.4167,150.5,54.34,81,48,0.76
505,Jinchang,CN,2022-07-17 20:01:11,38.4953,102.1739,71.6,45,100,2.77
506,Skoghall,SE,2022-07-17 20:01:12,59.3232,13.4655,64.96,45,94,8.05
507,Paamiut,GL,2022-07-17 20:01:12,61.994,-49.6678,43.09,87,100,6.29
508,Wattegama,LK,2022-07-17 20:01:13,6.7989,81.4808,76.15,85,100,3.31
509,Irtyshskiy,RU,2022-07-17 20:01:13,58.3333,68.1333,58.23,64,80,4.45
510,Panaba,MX,2022-07-17 20:01:14,21.2833,-88.2667,90.61,48,78,15.99
511,Vostok,RU,2022-07-17 20:01:14,46.4856,135.8833,56.59,92,100,1.52
512,Boa Vista,BR,2022-07-17 19:58:44,2.8197,-60.6733,91.38,46,75,6.91
513,Marawi,PH,2022-07-17 20:02:15,7.9986,124.2928,68.9,95,99,3.38
514,Mahanoro,MG,2022-07-17 20:02:16,-19.9,48.8,66.69,85,42,5.39
515,Rocha,UY,2022-07-17 20:02:16,-34.4833,-54.3333,49.57,64,0,9.73
516,Sanger,US,2022-07-17 20:02:16,36.708,-119.556,108.81,24,0,6.91
517,Diourbel,SN,2022-07-17 20:02:17,14.6628,-16.3925,82.31,54,9,13.89
518,San Jose,US,2022-07-17 20:01:45,37.3394,-121.895,96.58,43,20,11.5
519,Urumqi,CN,2022-07-17 20:02:17,43.801,87.6005,83.35,21,20,8.95
520,Naze,JP,2022-07-17 20:02:18,28.3667,129.4833,80.04,85,100,17.38
521,Kurchum,KZ,2022-07-17 20:02:18,48.5722,83.6542,69.64,52,49,5.39
522,Zhigansk,RU,2022-07-17 20:02:19,66.7697,123.3711,53.58,71,99,10.6
523,Ancud,CL,2022-07-17 20:02:19,-41.8697,-73.8203,42.22,77,96,16.49
524,Tayzhina,RU,2022-07-17 20:02:19,53.6679,87.4362,50.67,93,69,1.32
525,Matamoros,MX,2022-07-17 20:02:20,25.5333,-103.25,91.51,21,20,9.22
526,Heishan,CN,2022-07-17 20:02:20,41.6892,122.1128,66.06,90,27,5.14
527,Port Antonio,JM,2022-07-17 20:02:21,18.18,-76.4612,93.0,63,17,11.34
528,Antsohihy,MG,2022-07-17 20:02:21,-14.8796,47.9875,71.44,59,6,11.39
529,Ilovlya,RU,2022-07-17 20:02:22,49.3033,43.9796,77.88,43,44,9.35
530,Dombarovskiy,RU,2022-07-17 20:02:22,50.7587,59.5386,73.94,56,64,7.52
531,Porto Novo,BJ,2022-07-17 20:02:22,6.4965,2.6036,75.74,85,42,7.61
532,Jacmel,HT,2022-07-17 20:02:23,18.2342,-72.5347,88.9,53,20,7.14
533,Magadi,IN,2022-07-17 20:02:23,12.9667,77.2333,73.45,90,100,12.66
534,Sakakah,SA,2022-07-17 20:02:24,29.9697,40.2064,93.04,15,30,6.38
535,Dicabisagan,PH,2022-07-17 20:02:24,17.0818,122.4157,78.6,88,77,2.66
536,Clyde River,CA,2022-07-17 20:02:24,70.4692,-68.5914,35.83,87,40,13.8
537,Segou,ML,2022-07-17 20:02:25,13.4317,-6.2157,81.1,69,100,9.57
538,Yumen,CN,2022-07-17 20:02:25,40.2833,97.2,73.87,35,100,14.47
539,Kourou,GF,2022-07-17 20:02:26,5.1552,-52.6478,87.85,70,71,4.29
540,San,ML,2022-07-17 20:00:06,13.3034,-4.8956,85.48,55,44,5.82
541,Hasaki,JP,2022-07-17 20:02:26,35.7333,140.8333,73.8,90,98,9.48
542,Samarai,PG,2022-07-17 20:02:27,-10.6167,150.6667,79.38,81,27,5.19
543,Yichun,CN,2022-07-17 20:02:27,47.7,128.9,61.54,99,100,3.15
544,Kieta,PG,2022-07-17 20:00:22,-6.2167,155.6333,78.19,87,86,5.91
545,Soe,ID,2022-07-17 20:02:27,-9.8607,124.284,58.08,90,42,4.07
546,Chengde,CN,2022-07-17 20:02:28,40.9725,117.9361,65.71,90,0,3.47
547,Eyl,SO,2022-07-17 20:02:28,7.9803,49.8164,77.86,72,27,31.38
548,Russell,US,2022-07-17 20:00:24,32.3502,-85.1999,92.37,35,4,3.94
549,Genhe,CN,2022-07-17 20:02:29,50.7833,121.5167,57.94,97,59,1.05
550,Rosa Zarate,EC,2022-07-17 20:02:29,0.3333,-79.4667,78.58,83,97,4.83
551,Vyartsilya,RU,2022-07-17 20:02:29,62.1764,30.693,53.62,100,16,3.56
552,Adilabad,IN,2022-07-17 20:02:30,19.6667,78.5333,75.45,95,100,15.03
553,Katsuura,JP,2022-07-17 20:02:30,35.1333,140.3,77.45,90,99,14.61
554,Novosokolniki,RU,2022-07-17 20:02:31,56.3463,30.1578,52.56,91,87,5.53
555,Broome,US,2022-07-17 20:02:31,42.2506,-75.833,89.02,50,75,4.61
556,Ciudad Del Maiz,MX,2022-07-17 20:02:31,22.4,-99.6,82.87,36,0,12.39
557,Moron,AR,2022-07-17 20:02:32,-34.6534,-58.6198,56.97,47,4,8.34
558,Nuevo Imperial,PE,2022-07-17 20:02:32,-13.0754,-76.3172,67.53,66,8,7.7
559,Inzhavino,RU,2022-07-17 20:02:32,52.3185,42.4937,63.45,86,7,2.44
560,Lasa,IT,2022-07-17 20:02:33,46.6166,10.7002,66.97,78,2,2.86
561,Flin Flon,CA,2022-07-17 20:02:22,54.7682,-101.865,83.75,32,86,10.42
562,Custoias,PT,2022-07-17 20:03:33,41.1053,-7.321,85.37,26,61,6.2
563,Sedona,US,2022-07-17 20:03:34,34.8697,-111.761,103.66,20,0,3.0
564,Trastenik,BG,2022-07-17 20:03:34,43.52,24.4685,73.54,18,0,15.01
565,Logansport,US,2022-07-17 20:03:34,40.7545,-86.3567,77.61,94,100,8.05
566,Sisimiut,GL,2022-07-17 20:03:35,66.9395,-53.6735,45.97,78,95,8.21
567,Litovko,RU,2022-07-17 20:03:35,49.2361,135.1742,60.28,84,100,3.04
568,Leshukonskoye,RU,2022-07-17 20:03:35,64.8989,45.7622,61.54,67,100,2.3
569,Ambovombe,MG,2022-07-17 20:03:36,-25.1667,46.0833,65.57,78,0,13.11
570,Antsirabe,MG,2022-07-17 20:03:36,-19.85,47.0333,49.24,80,98,9.26
571,Le Port,RE,2022-07-17 20:03:37,-20.9373,55.2919,70.25,58,28,8.75
572,La Orilla,MX,2022-07-17 20:03:37,17.9833,-102.2333,86.63,63,87,11.27
573,Aasiaat,GL,2022-07-17 20:03:37,68.7098,-52.8699,39.97,86,52,6.46
574,Ambon,ID,2022-07-17 20:03:38,-3.6954,128.1814,78.24,15,40,2.3
575,Arman,RU,2022-07-17 20:03:38,59.7,150.1667,57.11,89,100,1.23
576,Nizhniy Baskunchak,RU,2022-07-17 20:03:38,48.2198,46.8311,80.92,39,86,16.87
577,Barranca,PE,2022-07-17 20:03:08,-10.75,-77.7667,65.3,71,11,12.55
578,Maraba,BR,2022-07-17 20:03:39,-5.3686,-49.1178,96.98,28,20,3.44
579,Guiyang,CN,2022-07-17 20:03:39,26.5833,106.7167,72.3,94,100,2.17
580,Nouadhibou,MR,2022-07-17 20:03:40,20.931,-17.0347,69.66,84,1,33.87
581,Port Macquarie,AU,2022-07-17 20:03:40,-31.4333,152.9167,48.88,79,2,8.08
582,Henties Bay,NA,2022-07-17 20:03:40,-22.116,14.2845,66.96,48,5,9.93
583,Karoti,GR,2022-07-17 20:03:41,41.4064,26.4256,71.67,44,0,2.13
